comment_id,parent_post_id,event_id,athlete,match_result,event_name,event_level,round,opponent,window_start,window_end,publish_time,hours_after_event,content_type,comment_level,text_raw,text_clean,likes,reply_count,creator_hash,is_possible_generic_interaction
5062245889608534,5062245069099482,loss_20240731_paris_moregard,王楚钦,loss,巴黎奥运会2024男单32强,Olympic Games,round_of_32,莫雷加德,2024-07-31T17:00:00+08:00,2024-08-01T17:00:00+08:00,2024-07-31 17:08:55+08:00,0.149,comment,1,所以我每次看奥运会都想刘国梁对张继科说的话，先进入决赛再说。12年张继科第一次参加奥运会参加男单，就超级怕爆冷出局。,所以我每次看奥运会都想刘国梁对张继科说的话，先进入决赛再说。12年张继科第一次参加奥运会参加男单，就超级怕爆冷出局。,8,7,f4c774a9f4def468,False
5062245980310577,5062245612523370,loss_20240731_paris_moregard,王楚钦,loss,巴黎奥运会2024男单32强,Olympic Games,round_of_32,莫雷加德,2024-07-31T17:00:00+08:00,2024-08-01T17:00:00+08:00,2024-07-31 17:09:16+08:00,0.154,comment,1,难受😣,难受😣,1,1,95cbfb5b00eadb50,False
5062460966962097,5062458068960044,loss_20240731_paris_moregard,王楚钦,loss,巴黎奥运会2024男单32强,Olympic Games,round_of_32,莫雷加德,2024-07-31T17:00:00+08:00,2024-08-01T17:00:00+08:00,2024-08-01 07:23:33+08:00,14.393,comment,1,本来就是技术加心态问题 世一也就是出勤率,本来就是技术加心态问题 世一也就是出勤率,2,1,c8bbd2d607720031,False
5062246911450045,5062245069099482,loss_20240731_paris_moregard,王楚钦,loss,巴黎奥运会2024男单32强,Olympic Games,round_of_32,莫雷加德,2024-07-31T17:00:00+08:00,2024-08-01T17:00:00+08:00,2024-07-31 17:12:58+08:00,0.216,comment,1,所以那些骂大头的人就是神经,所以那些骂大头的人就是神经,1,0,a1167a16cec508fe,False
5062468877160096,5062458068960044,loss_20240731_paris_moregard,王楚钦,loss,巴黎奥运会2024男单32强,Olympic Games,round_of_32,莫雷加德,2024-07-31T17:00:00+08:00,2024-08-01T17:00:00+08:00,2024-08-01 07:54:59+08:00,14.916,comment,1,技术可以，心态不稳，性子急,技术可以，心态不稳，性子急,4,0,2544b092c2d300b9,False
5062247930399972,5062245069099482,loss_20240731_paris_moregard,王楚钦,loss,巴黎奥运会2024男单32强,Olympic Games,round_of_32,莫雷加德,2024-07-31T17:00:00+08:00,2024-08-01T17:00:00+08:00,2024-07-31 17:17:01+08:00,0.284,comment,1,爆冷了 可惜。,爆冷了 可惜。,2,0,d5b133f0300741c9,False
5062539958817610,5062458068960044,loss_20240731_paris_moregard,王楚钦,loss,巴黎奥运会2024男单32强,Olympic Games,round_of_32,莫雷加德,2024-07-31T17:00:00+08:00,2024-08-01T17:00:00+08:00,2024-08-01 12:37:26+08:00,19.624,comment,1,球拍的问题给了他太大的压力或者心理暗示。年轻球员，心态本就是影响发挥的最大因素，奥运会的舞台上更是如此。,球拍的问题给了他太大的压力或者心理暗示。年轻球员，心态本就是影响发挥的最大因素，奥运会的舞台上更是如此。,6,0,e5299124a8711482,False
5062248227149532,5062245069099482,loss_20240731_paris_moregard,王楚钦,loss,巴黎奥运会2024男单32强,Olympic Games,round_of_32,莫雷加德,2024-07-31T17:00:00+08:00,2024-08-01T17:00:00+08:00,2024-07-31 17:18:12+08:00,0.303,comment,1,他三大赛心态都不好,他三大赛心态都不好,4,1,968a10e8974fc3eb,False
5062249577716742,5062245069099482,loss_20240731_paris_moregard,王楚钦,loss,巴黎奥运会2024男单32强,Olympic Games,round_of_32,莫雷加德,2024-07-31T17:00:00+08:00,2024-08-01T17:00:00+08:00,2024-07-31 17:23:34+08:00,0.393,comment,1,胜败乃兵家常事 有赢就会有输 没有人会一直输 也没有人会一直赢,胜败乃兵家常事 有赢就会有输 没有人会一直输 也没有人会一直赢,0,0,8e86900554019696,False
5062249985086604,5062245069099482,loss_20240731_paris_moregard,王楚钦,loss,巴黎奥运会2024男单32强,Olympic Games,round_of_32,莫雷加德,2024-07-31T17:00:00+08:00,2024-08-01T17:00:00+08:00,2024-07-31 17:25:11+08:00,0.42,comment,1,"王楚钦这都创造历史了，刘指导看走眼了。。。从08年开始男单是包揽冠亚，国乒这么大的投入，各种陪练都要带上，这淘汰了,男团还让他上吗？","王楚钦这都创造历史了，刘指导看走眼了。。。从08年开始男单是包揽冠亚，国乒这么大的投入，各种陪练都要带上，这淘汰了,男团还让他上吗？",1,0,fe50cb075491ada0,False
5132082504798861,5131935399806053,loss_20250208_singapore_liang,王楚钦,loss,WTT新加坡大满贯2025男单半决赛,WTT Grand Smash,semifinal,梁靖崑,2025-02-08T20:30:00+08:00,2025-02-09T20:30:00+08:00,2025-02-09 10:14:41+08:00,13.745,comment,1,实诚的大头，无论单打还是双打，你都全力以赴了。加油,实诚的大头，无论单打还是双打，你都全力以赴了。加油,2,0,6628caaee6c99a25,False
5157298214538866,5157294321434628,loss_20250419_worldcup_calderano,王楚钦,loss,澳门世界杯2025男单半决赛,ITTF World Cup,semifinal,卡尔德拉诺,2025-04-19T20:00:00+08:00,2025-04-20T20:00:00+08:00,2025-04-20 00:12:55+08:00,4.215,comment,1,辛苦了,辛苦了,0,0,200d1a1ea794d698,False
5157484541775159,5157477838489427,loss_20250419_worldcup_calderano,王楚钦,loss,澳门世界杯2025男单半决赛,ITTF World Cup,semifinal,卡尔德拉诺,2025-04-19T20:00:00+08:00,2025-04-20T20:00:00+08:00,2025-04-20 12:33:19+08:00,16.555,comment,1,确实,确实,4,1,47bd1a5c9d792d43,False
5157300420478033,5157294321434628,loss_20250419_worldcup_calderano,王楚钦,loss,澳门世界杯2025男单半决赛,ITTF World Cup,semifinal,卡尔德拉诺,2025-04-19T20:00:00+08:00,2025-04-20T20:00:00+08:00,2025-04-20 00:21:40+08:00,4.361,comment,1,辛苦了,辛苦了,0,0,ec1c47d45ac0e2e7,False
5157527319479021,5157477838489427,loss_20250419_worldcup_calderano,王楚钦,loss,澳门世界杯2025男单半决赛,ITTF World Cup,semifinal,卡尔德拉诺,2025-04-19T20:00:00+08:00,2025-04-20T20:00:00+08:00,2025-04-20 15:23:18+08:00,19.388,comment,1,恭喜恭喜呀 太厉害了,恭喜恭喜呀 太厉害了,2,0,40747105c1d0716a,False
5157304593291590,5157294321434628,loss_20250419_worldcup_calderano,王楚钦,loss,澳门世界杯2025男单半决赛,ITTF World Cup,semifinal,卡尔德拉诺,2025-04-19T20:00:00+08:00,2025-04-20T20:00:00+08:00,2025-04-20 00:38:16+08:00,4.638,comment,1,辛苦了  这么多！,辛苦了 这么多！,0,0,6a83cdd3d044318f,False
5157527437972832,5157477838489427,loss_20250419_worldcup_calderano,王楚钦,loss,澳门世界杯2025男单半决赛,ITTF World Cup,semifinal,卡尔德拉诺,2025-04-19T20:00:00+08:00,2025-04-20T20:00:00+08:00,2025-04-20 15:23:46+08:00,19.396,comment,1,非常的不错,非常的不错,3,0,5e1a35bdb1ab3a2c,False
5157330053759376,5157294321434628,loss_20250419_worldcup_calderano,王楚钦,loss,澳门世界杯2025男单半决赛,ITTF World Cup,semifinal,卡尔德拉诺,2025-04-19T20:00:00+08:00,2025-04-20T20:00:00+08:00,2025-04-20 02:19:26+08:00,6.324,comment,1,辛苦了,辛苦了,0,0,053bee6d417fe1a1,False
5157527458152575,5157477838489427,loss_20250419_worldcup_calderano,王楚钦,loss,澳门世界杯2025男单半决赛,ITTF World Cup,semifinal,卡尔德拉诺,2025-04-19T20:00:00+08:00,2025-04-20T20:00:00+08:00,2025-04-20 15:23:50+08:00,19.397,comment,1,恭喜恭喜 好厉害啊,恭喜恭喜 好厉害啊,2,0,e5c9ff8d636bc7a4,False
5157421926057842,5157294321434628,loss_20250419_worldcup_calderano,王楚钦,loss,澳门世界杯2025男单半决赛,ITTF World Cup,semifinal,卡尔德拉诺,2025-04-19T20:00:00+08:00,2025-04-20T20:00:00+08:00,2025-04-20 08:24:29+08:00,12.408,comment,1,半决赛整理，好全面，辛苦了,半决赛整理，好全面，辛苦了,0,0,50ea532a8ce37837,False
5157527995812863,5157477838489427,loss_20250419_worldcup_calderano,王楚钦,loss,澳门世界杯2025男单半决赛,ITTF World Cup,semifinal,卡尔德拉诺,2025-04-19T20:00:00+08:00,2025-04-20T20:00:00+08:00,2025-04-20 15:25:59+08:00,19.433,comment,1,厉害了啊,厉害了啊,4,0,d6e362a03fc7095a,False
5198673541595704,5198538988329927,loss_20250811_yokohama_harimoto,王楚钦,loss,WTT横滨冠军赛2025男单决赛,WTT Champions,final,张本智和,2025-08-11T19:20:00+08:00,2025-08-12T19:20:00+08:00,2025-08-12 04:23:42+08:00,9.062,comment,1,脱衣庆祝，颠狂野蛮，恰如沐猴而冠，文明进化是为穿衣，不是裸体。,脱衣庆祝，颠狂野蛮，恰如沐猴而冠，文明进化是为穿衣，不是裸体。,0,0,2ee0fccc23c395e9,False
5198540850597907,5198540007544707,loss_20250811_yokohama_harimoto,王楚钦,loss,WTT横滨冠军赛2025男单决赛,WTT Champions,final,张本智和,2025-08-11T19:20:00+08:00,2025-08-12T19:20:00+08:00,2025-08-11 19:36:26+08:00,0.274,comment,1,张本之前没赢过王 这次大比分赢下 👍👍,张本之前没赢过王 这次大比分赢下 👍👍,13,7,b6ceb1b6050a0240,False
5198554912003467,5198554872417268,loss_20250811_yokohama_harimoto,王楚钦,loss,WTT横滨冠军赛2025男单决赛,WTT Champions,final,张本智和,2025-08-11T19:20:00+08:00,2025-08-12T19:20:00+08:00,2025-08-11 20:32:18+08:00,1.205,comment,1,dhhdjen,dhhdjen,1,0,6df9dad5193b4d38,False
5198540999493268,5198540007544707,loss_20250811_yokohama_harimoto,王楚钦,loss,WTT横滨冠军赛2025男单决赛,WTT Champions,final,张本智和,2025-08-11T19:20:00+08:00,2025-08-12T19:20:00+08:00,2025-08-11 19:37:01+08:00,0.284,comment,1,王楚钦辛苦了，好好休息,王楚钦辛苦了，好好休息,6,1,f45675b9f889b28c,False
5198554922492541,5198554872417268,loss_20250811_yokohama_harimoto,王楚钦,loss,WTT横滨冠军赛2025男单决赛,WTT Champions,final,张本智和,2025-08-11T19:20:00+08:00,2025-08-12T19:20:00+08:00,2025-08-11 20:32:21+08:00,1.206,comment,1,dhhdhcie,dhhdhcie,1,0,6df9dad5193b4d38,False
5198540999494928,5198540007544707,loss_20250811_yokohama_harimoto,王楚钦,loss,WTT横滨冠军赛2025男单决赛,WTT Champions,final,张本智和,2025-08-11T19:20:00+08:00,2025-08-12T19:20:00+08:00,2025-08-11 19:37:01+08:00,0.284,comment,1,恭喜张本终于战胜骰子,恭喜张本终于战胜骰子,5,0,7ba179599ac3544e,False
5198554937164929,5198554872417268,loss_20250811_yokohama_harimoto,王楚钦,loss,WTT横滨冠军赛2025男单决赛,WTT Champions,final,张本智和,2025-08-11T19:20:00+08:00,2025-08-12T19:20:00+08:00,2025-08-11 20:32:24+08:00,1.207,comment,1,dhdhdjrk,dhdhdjrk,1,0,6df9dad5193b4d38,False
5198541141312236,5198540007544707,loss_20250811_yokohama_harimoto,王楚钦,loss,WTT横滨冠军赛2025男单决赛,WTT Champions,final,张本智和,2025-08-11T19:20:00+08:00,2025-08-12T19:20:00+08:00,2025-08-11 19:37:34+08:00,0.293,comment,1,王楚钦比中午失误太多了……张本这次好猛，有八一的味道……,王楚钦比中午失误太多了……张本这次好猛，有八一的味道……,0,1,f55d9c5137c612c5,False
5198541190601774,5198540007544707,loss_20250811_yokohama_harimoto,王楚钦,loss,WTT横滨冠军赛2025男单决赛,WTT Champions,final,张本智和,2025-08-11T19:20:00+08:00,2025-08-12T19:20:00+08:00,2025-08-11 19:37:47+08:00,0.296,comment,1,第一次看到比赛结束现场几乎鸦雀无声的场面，可见一斑,第一次看到比赛结束现场几乎鸦雀无声的场面，可见一斑,13,4,9ec4bb8a69a65c29,False
5198541404508869,5198540007544707,loss_20250811_yokohama_harimoto,王楚钦,loss,WTT横滨冠军赛2025男单决赛,WTT Champions,final,张本智和,2025-08-11T19:20:00+08:00,2025-08-12T19:20:00+08:00,2025-08-11 19:38:38+08:00,0.311,comment,1,同样的零比二，有的人能连追两局，有的人却再输一局，同样的3：2，有的人能连追两局逆转，有的人直接输了,同样的零比二，有的人能连追两局，有的人却再输一局，同样的3：2，有的人能连追两局逆转，有的人直接输了,4,0,2a06d5892c21be57,False
5144934730435689,5144934416909126,win_20250316_chongqing_lin,王楚钦,win,WTT重庆冠军赛2025男单决赛,WTT Champions,final,林诗栋,2025-03-16T20:30:00+08:00,2025-03-17T20:30:00+08:00,2025-03-16 21:24:51+08:00,0.914,comment,1,这个恭喜恭喜呀,这个恭喜恭喜呀,0,0,c7962bc8ec9a5db9,False
5144952692282811,5144950811924449,win_20250316_chongqing_lin,王楚钦,win,WTT重庆冠军赛2025男单决赛,WTT Champions,final,林诗栋,2025-03-16T20:30:00+08:00,2025-03-17T20:30:00+08:00,2025-03-16 22:36:13+08:00,2.104,comment,1,恭喜恭喜,恭喜恭喜,0,0,049eb479c2bff605,False
5144961725497820,5144959007590997,win_20250316_chongqing_lin,王楚钦,win,WTT重庆冠军赛2025男单决赛,WTT Champions,final,林诗栋,2025-03-16T20:30:00+08:00,2025-03-17T20:30:00+08:00,2025-03-16 23:12:06+08:00,2.702,comment,1,哇，祝贺莎莎,哇，祝贺莎莎,0,0,98b5266ab536bb03,False
5144961859715374,5144961793134903,win_20250316_chongqing_lin,王楚钦,win,WTT重庆冠军赛2025男单决赛,WTT Champions,final,林诗栋,2025-03-16T20:30:00+08:00,2025-03-17T20:30:00+08:00,2025-03-16 23:12:38+08:00,2.711,comment,1,晚安(*-ω-*)ノ,晚安(*-ω-*)ノ,0,0,0ae0752478e35b2e,False
5144935797364469,5144934416909126,win_20250316_chongqing_lin,王楚钦,win,WTT重庆冠军赛2025男单决赛,WTT Champions,final,林诗栋,2025-03-16T20:30:00+08:00,2025-03-17T20:30:00+08:00,2025-03-16 21:29:05+08:00,0.985,comment,1,恭喜大小魔王,恭喜大小魔王,0,0,7c71202cdaf5381e,False
5144953323783118,5144950811924449,win_20250316_chongqing_lin,王楚钦,win,WTT重庆冠军赛2025男单决赛,WTT Champions,final,林诗栋,2025-03-16T20:30:00+08:00,2025-03-17T20:30:00+08:00,2025-03-16 22:38:44+08:00,2.146,comment,1,了解一下下,了解一下下,0,0,4a757cf80373c561,False
5144965236131855,5144959007590997,win_20250316_chongqing_lin,王楚钦,win,WTT重庆冠军赛2025男单决赛,WTT Champions,final,林诗栋,2025-03-16T20:30:00+08:00,2025-03-17T20:30:00+08:00,2025-03-16 23:26:04+08:00,2.934,comment,1,哈喽,哈喽,0,0,83fc0747ad6c37a8,False
5144968717927040,5144961793134903,win_20250316_chongqing_lin,王楚钦,win,WTT重庆冠军赛2025男单决赛,WTT Champions,final,林诗栋,2025-03-16T20:30:00+08:00,2025-03-17T20:30:00+08:00,2025-03-16 23:39:53+08:00,3.165,comment,1,晚安💤💤💤💤💤💤💤💤💤💤💤💤💤💤💤💤💤💤💤💤💤💤💤💤💤💤💤💤💤💤💤💤💤💤💤💤💤💤💤💤💤💤💤💤💤💤💤💤💤💤💤💤💤💤💤,晚安💤💤💤💤💤💤💤💤💤💤💤💤💤💤💤💤💤💤💤💤💤💤💤💤💤💤💤💤💤💤💤💤💤💤💤💤💤💤💤💤💤💤💤💤💤💤💤💤💤💤💤💤💤💤💤,0,0,14f5636af1e90fab,False
5144937633682550,5144934416909126,win_20250316_chongqing_lin,王楚钦,win,WTT重庆冠军赛2025男单决赛,WTT Champions,final,林诗栋,2025-03-16T20:30:00+08:00,2025-03-17T20:30:00+08:00,2025-03-16 21:36:23+08:00,1.106,comment,1,太厉害了吧 恭喜,太厉害了吧 恭喜,0,0,2f969f3b888bb19a,False
5144953648586162,5144950811924449,win_20250316_chongqing_lin,王楚钦,win,WTT重庆冠军赛2025男单决赛,WTT Champions,final,林诗栋,2025-03-16T20:30:00+08:00,2025-03-17T20:30:00+08:00,2025-03-16 22:40:01+08:00,2.167,comment,1,恭喜,恭喜,0,0,ca3419201c56a4c3,False
5170301855861539,5170301736060435,win_20250525_doha_calderano,王楚钦,win,多哈世乒赛2025男单决赛,World Championships,final,卡尔德拉诺,2025-05-25T21:00:00+08:00,2025-05-26T21:00:00+08:00,2025-05-25 21:24:44+08:00,0.412,comment,1,恭喜王楚钦！！！,恭喜王楚钦！！！,11,0,315acc240fd3a183,False
5170326912636636,5170326881439242,win_20250525_doha_calderano,王楚钦,win,多哈世乒赛2025男单决赛,World Championships,final,卡尔德拉诺,2025-05-25T21:00:00+08:00,2025-05-26T21:00:00+08:00,2025-05-25 23:04:19+08:00,2.072,comment,1,我来啦,我来啦,1,0,6c62cd090a884517,False
5170301941847328,5170301736060435,win_20250525_doha_calderano,王楚钦,win,多哈世乒赛2025男单决赛,World Championships,final,卡尔德拉诺,2025-05-25T21:00:00+08:00,2025-05-26T21:00:00+08:00,2025-05-25 21:25:05+08:00,0.418,comment,1,证明了自己,证明了自己,17,0,24de13238eed1838,False
5170326998095313,5170326881439242,win_20250525_doha_calderano,王楚钦,win,多哈世乒赛2025男单决赛,World Championships,final,卡尔德拉诺,2025-05-25T21:00:00+08:00,2025-05-26T21:00:00+08:00,2025-05-25 23:04:39+08:00,2.078,comment,1,继续加油,继续加油,0,0,53dcb067d4687963,False
5170302736665529,5170301736060435,win_20250525_doha_calderano,王楚钦,win,多哈世乒赛2025男单决赛,World Championships,final,卡尔德拉诺,2025-05-25T21:00:00+08:00,2025-05-26T21:00:00+08:00,2025-05-25 21:28:15+08:00,0.471,comment,1,非常棒,非常棒,3,0,fc90d0278bc3dee2,False
5170327024042900,5170326881439242,win_20250525_doha_calderano,王楚钦,win,多哈世乒赛2025男单决赛,World Championships,final,卡尔德拉诺,2025-05-25T21:00:00+08:00,2025-05-26T21:00:00+08:00,2025-05-25 23:04:45+08:00,2.079,comment,1,很棒,很棒,0,0,53dcb067d4687963,False
5170304014094219,5170301736060435,win_20250525_doha_calderano,王楚钦,win,多哈世乒赛2025男单决赛,World Championships,final,卡尔德拉诺,2025-05-25T21:00:00+08:00,2025-05-26T21:00:00+08:00,2025-05-25 21:33:19+08:00,0.555,comment,1,恭喜楚钦，你最棒,恭喜楚钦，你最棒,4,0,3770f47b10f06f7d,False
5170309563155703,5170301736060435,win_20250525_doha_calderano,王楚钦,win,多哈世乒赛2025男单决赛,World Championships,final,卡尔德拉诺,2025-05-25T21:00:00+08:00,2025-05-26T21:00:00+08:00,2025-05-25 21:55:22+08:00,0.923,comment,1,国乒男队需要他抗大旗，有三大赛冠军即是证明了他自己。加油！,国乒男队需要他抗大旗，有三大赛冠军即是证明了他自己。加油！,7,0,45f5331083c3a5a8,False
5170310480396323,5170301736060435,win_20250525_doha_calderano,王楚钦,win,多哈世乒赛2025男单决赛,World Championships,final,卡尔德拉诺,2025-05-25T21:00:00+08:00,2025-05-26T21:00:00+08:00,2025-05-25 21:59:00+08:00,0.983,comment,1,太棒了楚钦！！！,太棒了楚钦！！！,1,0,8cdf8770c163f22f,False
5170325731679904,5170301736060435,win_20250525_doha_calderano,王楚钦,win,多哈世乒赛2025男单决赛,World Championships,final,卡尔德拉诺,2025-05-25T21:00:00+08:00,2025-05-26T21:00:00+08:00,2025-05-25 22:59:37+08:00,1.994,comment,1,不容易，恭喜🎊楚钦,不容易，恭喜🎊楚钦,1,0,3c2c0a9c50c39469,False
5188275909952015,5188269088444237,win_20250714_us_smash_harimoto,王楚钦,win,WTT美国大满贯2025男单决赛,WTT Grand Smash,final,张本智和,2025-07-14T10:30:00+08:00,2025-07-15T10:30:00+08:00,2025-07-14 11:47:12+08:00,1.287,comment,1,继续加油吧,继续加油吧,1,0,f666dbaa04d7e702,False
5188276373947644,5188270560379970,win_20250714_us_smash_harimoto,王楚钦,win,WTT美国大满贯2025男单决赛,WTT Grand Smash,final,张本智和,2025-07-14T10:30:00+08:00,2025-07-15T10:30:00+08:00,2025-07-14 11:49:04+08:00,1.318,comment,1,小智又输了,小智又输了,0,0,a153cb55f26463e4,False
5188284190036243,5188275669305415,win_20250714_us_smash_harimoto,王楚钦,win,WTT美国大满贯2025男单决赛,WTT Grand Smash,final,张本智和,2025-07-14T10:30:00+08:00,2025-07-15T10:30:00+08:00,2025-07-14 12:20:07+08:00,1.835,comment,1,哇哇哇哇太棒啦,哇哇哇哇太棒啦,0,0,16c589c2c7486bdb,False
5188346320258170,5188278959477516,win_20250714_us_smash_harimoto,王楚钦,win,WTT美国大满贯2025男单决赛,WTT Grand Smash,final,张本智和,2025-07-14T10:30:00+08:00,2025-07-15T10:30:00+08:00,2025-07-14 16:27:00+08:00,5.95,comment,1,又刷到你了,又刷到你了,1,0,6218f8c13011418d,False
5188276053083949,5188269088444237,win_20250714_us_smash_harimoto,王楚钦,win,WTT美国大满贯2025男单决赛,WTT Grand Smash,final,张本智和,2025-07-14T10:30:00+08:00,2025-07-15T10:30:00+08:00,2025-07-14 11:47:47+08:00,1.296,comment,1,王楚钦超级棒,王楚钦超级棒,1,0,8d5ff151d480c4c6,False
5188277359610894,5188270560379970,win_20250714_us_smash_harimoto,王楚钦,win,WTT美国大满贯2025男单决赛,WTT Grand Smash,final,张本智和,2025-07-14T10:30:00+08:00,2025-07-15T10:30:00+08:00,2025-07-14 11:52:59+08:00,1.383,comment,1,王楚钦好厉害呀,王楚钦好厉害呀,0,0,e5c9ff8d636bc7a4,False
5188285027582831,5188275669305415,win_20250714_us_smash_harimoto,王楚钦,win,WTT美国大满贯2025男单决赛,WTT Grand Smash,final,张本智和,2025-07-14T10:30:00+08:00,2025-07-15T10:30:00+08:00,2025-07-14 12:23:27+08:00,1.891,comment,1,太棒了太棒了,太棒了太棒了,0,0,2d6ee6d7f7ad58ce,False
5188347538704793,5188278959477516,win_20250714_us_smash_harimoto,王楚钦,win,WTT美国大满贯2025男单决赛,WTT Grand Smash,final,张本智和,2025-07-14T10:30:00+08:00,2025-07-15T10:30:00+08:00,2025-07-14 16:31:51+08:00,6.031,comment,1,恭喜夺冠,恭喜夺冠,1,0,ecf4e510527a9aa6,False
5188276245497978,5188269088444237,win_20250714_us_smash_harimoto,王楚钦,win,WTT美国大满贯2025男单决赛,WTT Grand Smash,final,张本智和,2025-07-14T10:30:00+08:00,2025-07-15T10:30:00+08:00,2025-07-14 11:48:33+08:00,1.309,comment,1,继续加油！,继续加油！,1,0,29d256c28d8ff5bb,False
5188277772747920,5188270560379970,win_20250714_us_smash_harimoto,王楚钦,win,WTT美国大满贯2025男单决赛,WTT Grand Smash,final,张本智和,2025-07-14T10:30:00+08:00,2025-07-15T10:30:00+08:00,2025-07-14 11:54:37+08:00,1.41,comment,1,我们国家乒乓球好厉害,我们国家乒乓球好厉害,0,0,14cfb8ef07581485,False
